title,recipe_url,last_eaten,protein,frequency
Pasta e Ceci (Italian Pasta and Chickpea Stew),https://cooking.nytimes.com/recipes/1020860-pasta-e-ceci-italian-pasta-and-chickpea-stew,2026-04-11 12:00:00.000000 +00:00,Chicken,4
Sausage and Peppers Pasta With Broccoli,https://cooking.nytimes.com/recipes/1019818-sausage-and-peppers-pasta-with-broccoli?smid=ck-recipe-iOS-share,2026-04-10 12:00:00.000000 +00:00,Pork,11
Pork Chops in Lemon-Caper Sauce,https://cooking.nytimes.com/recipes/1020583-pork-chops-in-lemon-caper-sauce?action=click&module=RecipeBox&pgType=recipebox-page&region=pork%20chop&rank=1,2026-04-08 12:00:00.000000 +00:00,Pork,15
Mongolian Beef,https://cooking.nytimes.com/recipes/1024511-mongolian-beef?q=mongoli,2026-04-07 12:00:00.000000 +00:00,Beef,3
Bangers & Mash,https://www.recipetineats.com/bangers-and-mash-sausage-with-onion-gravy/,2026-04-06 12:00:00.000000 +00:00,Pork,2
Nashville-Style Hot Fried Chicken,https://cooking.nytimes.com/recipes/1016134-nashville-style-hot-fried-chicken,2026-04-05 12:00:00.000000 +00:00,Chicken,5
Slow Cooker Hoisin Garlic Chicken,https://cooking.nytimes.com/recipes/1027037-slow-cooker-hoisin-garlic-chicken?smid=ck-recipe-iOS-share&cgs=c,2026-04-03 12:00:00.000000 +00:00,Chicken,1
Miso-Chile Asparagus With Tofu,https://cooking.nytimes.com/recipes/1025327-miso-chile-asparagus-with-tofu?smid=ck-recipe-iOS-share&cgs=c,2026-04-02 12:00:00.000000 +00:00,Tofu,1
Tikka Masala Rice And Beans,,2026-04-01 12:00:00.000000 +00:00,Legume,4
Salt-and-Vinegar Baked Fish and Chips,https://cooking.nytimes.com/recipes/1025861-salt-and-vinegar-baked-fish-and-chips?smid=ck-recipe-iOS-share&cgs=c,2026-03-31 12:00:00.000000 +00:00,Seafood,1
Chicken Cobbler,https://cooking.nytimes.com/recipes/1013073-chicken-cobbler?smid=ck-recipe-iOS-share,2026-03-30 12:00:00.000000 +00:00,Chicken,3
Coconut Milk Chicken Adobo,https://cooking.nytimes.com/recipes/1020494-coconut-milk-chicken-adobo?smid=ck-recipe-iOS-share,2026-03-29 12:00:00.000000 +00:00,Chicken,3
Stuffed French Toast,,2026-03-28 12:00:00.000000 +00:00,Vegetarian,4
Classic Stuffed Shells,https://www.dinneratthezoo.com/stuffed-shells-recipe/,2026-03-26 12:00:00.000000 +00:00,Vegetarian,4
Instant Pot Potato Corn Chowder,https://temeculablogs.com/instant-pot-potato-corn-chowder/,2026-03-25 12:00:00.000000 +00:00,Vegetarian,11
Chile Crisp Fettuccine Alfredo With Spinach,https://cooking.nytimes.com/recipes/1023609-chile-crisp-fettuccine-alfredo-with-spinach,2026-03-24 12:00:00.000000 +00:00,Vegetarian,14
Crockpot Pork Roast,https://www.yourhomebasedmom.com/crockpot-pork-roast-only-five-ingredients/,2026-03-22 12:00:00.000000 +00:00,Pork,11
Sloppy Joes,https://cooking.nytimes.com/recipes/4203-sloppy-joes?smid=ck-recipe-iOS-share,2026-03-21 12:00:00.000000 +00:00,Beef,3
Pressure Cooker Chipotle Chicken Pozole,https://cooking.nytimes.com/recipes/1020110-pressure-cooker-chipotle-chicken-pozole,2026-03-12 12:00:00.000000 +00:00,Chicken,5
Singapore Noodles,https://cooking.nytimes.com/recipes/1022564-singapore-noodles-with-charred-scallions?action=click&module=RecipeBox&pgType=recipebox-page&region=singapore&rank=0,2026-03-10 12:00:00.000000 +00:00,Vegetarian,9
Lemony White Bean Soup With Turkey and Greens,https://cooking.nytimes.com/recipes/1021776-lemony-white-bean-soup-with-turkey-and-greens?action=click&module=RecipeBox&pgType=recipebox-page&region=ground%20turkey&rank=1,2026-03-09 12:00:00.000000 +00:00,Venison,9
Italian Wedding Soup,https://cooking.nytimes.com/recipes/1019925-italian-wedding-soup-with-turkey-meatballs?q=italian%20weddin,2026-03-06 12:00:00.000000 +00:00,Turkey,19
Ricotta Pasta Alla Vodka,https://cooking.nytimes.com/recipes/1024008-ricotta-pasta-alla-vodka?smid=ck-recipe-iOS-share,2026-03-05 12:00:00.000000 +00:00,Vegetarian,4
Chili,,2026-03-04 12:00:00.000000 +00:00,Beef,5
Paprika Chicken and Potatoes,https://cooking.nytimes.com/recipes/1025628-paprika-chicken-and-potatoes?smid=ck-recipe-iOS-share,2026-03-03 12:00:00.000000 +00:00,Chicken,4
Pizza,,2026-03-01 12:00:00.000000 +00:00,Vegetarian,29
Cheesy Baked Orzo With Marinara,https://cooking.nytimes.com/recipes/1020823-cheesy-baked-orzo-with-marinara?smid=ck-recipe-iOS-share,2026-02-24 12:00:00.000000 +00:00,Vegetarian,19
Macaroni,,2026-02-23 12:00:00.000000 +00:00,Vegetarian,7
Chicken Fried Rice,https://cooking.nytimes.com/recipes/1023897-chicken-fried-rice?smid=ck-recipe-iOS-share,2026-02-22 12:00:00.000000 +00:00,Chicken,2
Stir Fry,,2026-02-20 12:00:00.000000 +00:00,Chicken,10
Original Chicken Cordon Bleu,https://cooking.nytimes.com/recipes/9935-original-chicken-cordon-bleu?smid=ck-recipe-iOS-share,2026-02-18 12:00:00.000000 +00:00,Chicken,1
Left Overs,,2026-02-17 12:00:00.000000 +00:00,Pork,4
Cheesy Baked Gnocchi With Spicy Tomato Sauce,https://cooking.nytimes.com/recipes/1026508-cheesy-baked-gnocchi-with-spicy-tomato-sauce?smid=ck-recipe-iOS-share,2026-02-16 12:00:00.000000 +00:00,Vegetarian,2
Fettuccine Alfredo,,2026-02-12 12:00:00.000000 +00:00,Vegetarian,5
Steak,,2026-02-11 12:00:00.000000 +00:00,Beef,9
Chicken Parmesan,https://cooking.nytimes.com/recipes/1017169-chicken-parmesan?q=chicken%20parm,2026-02-10 12:00:00.000000 +00:00,Chicken,11
Pork - Pernil With Citrus Adobo,https://cooking.nytimes.com/recipes/1021998-pernil-with-citrus-adobo?smid=ck-recipe-iOS-share,2026-02-08 12:00:00.000000 +00:00,Pork,1
Shrimp Fried Rice,https://cooking.nytimes.com/recipes/1023154-shrimp-fried-rice?smid=ck-recipe-iOS-share,2026-02-07 12:00:00.000000 +00:00,Vegetarian,4
Grilled Butterflied Cowboy Jumbo Shrimp with Herb Butter,https://cwfeats.com/cowboy-butter-grilled-shrimp/,2026-02-06 12:00:00.000000 +00:00,Seafood,1
Roasted Tomato Feta Spaghetti Squash,https://www.howsweeteats.com/2024/01/tomato-feta-spaghetti-squash/,2026-02-04 12:00:00.000000 +00:00,Beef,2
Mapo Tofu (Mabo Dofu),https://www.justonecookbook.com/mapo-tofu/,2026-02-03 12:00:00.000000 +00:00,Tofu,2
Roast Chicken,,2026-02-02 12:00:00.000000 +00:00,Chicken,18
"Slow-Cooker Cauliflower, Potato and White Bean Soup",https://cooking.nytimes.com/recipes/1022831-slow-cooker-cauliflower-potato-and-white-bean-soup?smid=ck-recipe-iOS-share,2026-02-01 12:00:00.000000 +00:00,Legume,1
Crock Pot Pork Loin - BBQ Pulled Pork,https://jenniferbanz.com/crock-pot-pork-loin-bbq-pulled-pork,2026-01-29 12:00:00.000000 +00:00,Pork,1
Beef Stew,https://cooking.nytimes.com/recipes/1321-craig-claibornes-beef-stew,2026-01-28 12:00:00.000000 +00:00,Beef,11
Coconut Chicken Curry,https://cooking.nytimes.com/recipes/1021760-coconut-chicken-curry?smid=ck-recipe-iOS-share,2026-01-27 12:00:00.000000 +00:00,Chicken,2
Burgers,,2026-01-26 12:00:00.000000 +00:00,Beef,25
Chicken Enchiladas With Salsa Verde,https://cooking.nytimes.com/recipes/1018153-chicken-enchiladas-with-salsa-verde?smid=ck-recipe-iOS-share,2026-01-15 12:00:00.000000 +00:00,Chicken,5
Baked Ziti,https://cooking.nytimes.com/recipes/1018954-baked-ziti?action=click&module=RecipeBox&pgType=recipebox-page&region=recently-viewed&rank=1,2026-01-13 12:00:00.000000 +00:00,Vegetarian,5
Vegetable Yakisoba,https://cooking.nytimes.com/recipes/1022780-vegetable-yakisoba?algo=cooking_search_relevance_metric_ios_and_web&fellback=false&imp_id=1400354072676063&req_id=6556161442947373&surface=cooking-search&variant=0_relevance_reranking,2026-01-12 12:00:00.000000 +00:00,Vegetarian,1
Risotto With Kale and Red Beans,https://cooking.nytimes.com/recipes/12302-risotto-with-kale-and-red-beans?smid=ck-recipe-iOS-share,2026-01-10 12:00:00.000000 +00:00,Legume,2
"Cheesy, Spicy Black Bean Bake",https://cooking.nytimes.com/recipes/1020705-cheesy-spicy-black-bean-bake?smid=ck-recipe-iOS-share,2026-01-09 12:00:00.000000 +00:00,Vegetarian,2
Ultra Crispy Smashed Potatoes,https://www.recipetineats.com/crispy-smashed-potatoes/,2026-01-06 12:00:00.000000 +00:00,Vegetarian,1
Grilled Flank Steak With Worcestershire Butter,https://cooking.nytimes.com/recipes/1020299-grilled-flank-steak-with-worcestershire-butter?smid=ck-recipe-iOS-share,2026-01-05 12:00:00.000000 +00:00,Beef,1
Slow Cooker Venison Roast Recipe,https://www.missallieskitchen.com/venison-roast/,2026-01-04 12:00:00.000000 +00:00,Venison,4
Crab,,2025-12-31 12:00:00.000000 +00:00,Seafood,1
Skillet Pork Chops and Apples With Miso Caramel,https://cooking.nytimes.com/recipes/1023628-skillet-pork-chops-and-apples-with-miso-caramel?algo=cooking_search_relevance_metric_ios_and_web&fellback=false&imp_id=8326510270519618&req_id=3553124684996228&surface=cooking-search-web&variant=0_relevance_reranking,2025-12-30 12:00:00.000000 +00:00,Pork,11
Norwegian Pumpkin Soup,https://cooking.nytimes.com/recipes/11250-norwegian-pumpkin-soup?smid=ck-recipe-iOS-share,2025-12-28 12:00:00.000000 +00:00,Vegetarian,3
Waffles,,2025-12-22 12:00:00.000000 +00:00,Vegetarian,3
Skillet Chicken,https://cooking.nytimes.com/recipes/1020457-skillet-chicken-with-black-beans-rice-and-chiles,2025-12-21 12:00:00.000000 +00:00,Chicken,9
Stuffed Poblano Peppers,https://www.lecremedelacrumb.com/southwest-stuffed-poblano-peppers/,2025-12-14 12:00:00.000000 +00:00,Pork,3
Pasta Dough for Ravioli,https://cooking.nytimes.com/recipes/9355-pasta-dough-for-ravioli?smid=ck-recipe-iOS-share,2025-12-13 12:00:00.000000 +00:00,Pork,2
Swedish Meatballs,,2025-12-10 12:00:00.000000 +00:00,Beef,2
Spicy Tomato-Coconut Bisque With Shrimp and Mushrooms,https://cooking.nytimes.com/recipes/1021453-spicy-tomato-coconut-bisque-with-shrimp-and-mushrooms?action=click&module=RecipeBox&pgType=recipebox-page&region=shrimp&rank=7,2025-12-09 12:00:00.000000 +00:00,Seafood,6
Brats,,2025-12-07 12:00:00.000000 +00:00,Pork,7
Leftover-Turkey Pozole,https://cooking.nytimes.com/recipes/764008925-leftover-turkey-pozole?smid=ck-recipe-iOS-share,2025-12-06 12:00:00.000000 +00:00,Turkey,1
Turkey Tikka Masala,https://cooking.nytimes.com/recipes/1018425-turkey-tikka-masala?smid=ck-recipe-iOS-share,2025-12-04 12:00:00.000000 +00:00,Turkey,1
Steelhead With Anchovy-Garlic Butter,https://cooking.nytimes.com/recipes/1017329-salmon-with-anchovy-garlic-butter?smid=ck-recipe-iOS-share,2025-12-01 12:00:00.000000 +00:00,Seafood,6
Coconut Curry Chicken (Super Easy!),https://downshiftology.com/recipes/coconut-curry-chicken/,2025-11-30 12:00:00.000000 +00:00,Chicken,1
Turkey Noodle Soup,,2025-11-29 12:00:00.000000 +00:00,Turkey,4
Turkey,,2025-11-27 12:00:00.000000 +00:00,Turkey,4
Thanksgiving!!,,2025-11-27 12:00:00.000000 +00:00,Turkey,3
Creamy Chicken and Gnocchi,https://pinchofyum.com/creamy-chicken-and-gnocchi,2025-11-24 12:00:00.000000 +00:00,Chicken,2
Slippin' Jimmies,https://cooking.nytimes.com/recipes/4203-sloppy-joes?smid=ck-recipe-iOS-share,2025-11-17 12:00:00.000000 +00:00,Beef,6
Chicken Stew,https://cooking.nytimes.com/recipes/1026609-chicken-stew?smid=ck-recipe-iOS-share,2025-11-16 12:00:00.000000 +00:00,Chicken,1
Spinach Lasagna,https://cooking.nytimes.com/recipes/9616-spinach-lasagna?smid=ck-recipe-iOS-share,2025-11-15 12:00:00.000000 +00:00,Vegetarian,11
Chicken Adobo With Coconut Milk,https://cooking.nytimes.com/recipes/1013419-chicken-adobo-with-coconut-milk?smid=ck-recipe-iOS-share,2025-11-11 12:00:00.000000 +00:00,Chicken,2
Quesabirria Tacos,https://cooking.nytimes.com/recipes/1021859-quesabirria-tacos,2025-11-05 12:00:00.000000 +00:00,Beef,4
Birria de Res (Beef Birria),https://cooking.nytimes.com/recipes/1021858-birria-de-res-beef-birria,2025-11-02 12:00:00.000000 +00:00,Beef,4
Grilled Cheese And Tomato Soup,,2025-10-15 12:00:00.000000 +00:00,Vegetarian,5
Sous Vide Barbecue Pork Ribs Recipe,https://www.seriouseats.com/sous-vide-pork-ribs-recipe-food-lab,2025-10-13 12:00:00.000000 +00:00,Pork,6
Garlic Butter Shrimp,https://www.dinneratthezoo.com/garlic-butter-shrimp/,2025-10-09 12:00:00.000000 +00:00,Seafood,1
Street Taco,,2025-10-01 12:00:00.000000 +00:00,Beef,8
Mostaccioli,https://cooking.nytimes.com/recipes/1026611-baked-mostaccioli?smid=ck-recipe-iOS-share,2025-09-17 12:00:00.000000 +00:00,Beef,1
Potatoes au Gratin,https://cooking.nytimes.com/recipes/12831-potatoes-au-gratin?smid=ck-recipe-iOS-share,2025-09-14 12:00:00.000000 +00:00,Vegetarian,2
Ham,https://www.tasteofhome.com/recipes/sugar-glazed-ham/,2025-09-14 12:00:00.000000 +00:00,Pork,2
BBQ!,,2025-09-11 12:00:00.000000 +00:00,Beef,9
Kababs,,2025-08-17 12:00:00.000000 +00:00,Beef,4
Grilled Chicken Thighs and Corn With Lime-Basil Butter,https://cooking.nytimes.com/recipes/1025669-grilled-chicken-thighs-and-corn-with-lime-basil-butter?smid=ck-recipe-iOS-share,2025-08-12 12:00:00.000000 +00:00,Chicken,2
Fancy Ramen,,2025-08-06 12:00:00.000000 +00:00,Pork,5
Lemony Orzo With Asparagus and Garlic Bread Crumbs,https://cooking.nytimes.com/recipes/1021068-lemony-orzo-with-asparagus-and-garlic-bread-crumbs?smid=ck-recipe-iOS-share,2025-08-05 12:00:00.000000 +00:00,Vegetarian,2
Turmeric Chicken Skewers With Green Olive Yogurt,https://cooking.nytimes.com/recipes/1026694-turmeric-chicken-skewers-with-green-olive-yogurt?smid=ck-recipe-iOS-share,2025-07-22 12:00:00.000000 +00:00,Chicken,1
Crunchy Queso Wrap,https://cooking.nytimes.com/recipes/1027001-crunchy-queso-wrap?smid=ck-recipe-iOS-share,2025-07-15 06:00:00.000000 +00:00,Vegetarian,1
Cumin Beef and Green Bean Stir-Fry,https://cooking.nytimes.com/recipes/1026969-cumin-beef-and-green-bean-stir-fry?smid=ck-recipe-iOS-share,2025-07-13 12:00:00.000000 +00:00,Beef,1
Pot Roast,,2025-07-11 12:00:00.000000 +00:00,Beef,4
Lamb Chops,https://cooking.nytimes.com/recipes/5312-lamb-chops,2025-07-09 12:00:00.000000 +00:00,Lamb,2
15 Minute Healthy Roasted Chicken and Veggies (One Pan),https://gimmedelicious.com/15-minute-healthy-roasted-chicken-and-veggies/,2025-07-08 12:00:00.000000 +00:00,Chicken,1
Quesadilla,,2025-07-07 12:00:00.000000 +00:00,Vegetarian,4
One-Pot Sausage and Basil Pasta,https://www.tasteofhome.com/recipes/one-pot-sausage-and-basil-pasta/#RecipeCard,2025-07-05 12:00:00.000000 +00:00,Pork,1
Omelet in a Bag,https://www.allrecipes.com/recipe/85107/omelet-in-a-bag/,2025-07-05 06:00:00.000000 +00:00,Pork,1
Pancakes,,2025-06-30 12:00:00.000000 +00:00,Vegetarian,6
Veggie Spaghetti,https://www.inspiredtaste.net/38662/veggie-spaghetti-recipe/,2025-06-28 06:00:00.000000 +00:00,Vegetarian,1
The Best Meatball Recipe Ever,https://www.billyparisi.com/spaghetti-and-the-best-meatball-recipe-ever/,2025-06-28 06:00:00.000000 +00:00,Pork,1
Sausage With Peppers and Onions,https://cooking.nytimes.com/recipes/1018931-sausage-with-peppers-and-onions?q=sausage%20and%20peppers,2025-06-15 12:00:00.000000 +00:00,Pork,6
Ginger-Garlic Shrimp With Coconut Milk,https://cooking.nytimes.com/recipes/1023206-ginger-garlic-shrimp-with-coconut-milk?smid=ck-recipe-iOS-share,2025-05-20 12:00:00.000000 +00:00,Seafood,1
Roasted Chicken Thighs With Hot Honey and Lime,https://cooking.nytimes.com/recipes/1025221-roasted-chicken-thighs-with-hot-honey-and-lime?smid=ck-recipe-iOS-share,2025-05-19 12:00:00.000000 +00:00,Chicken,1
Pork-Shoulder Steaks With Hot Pepper Dip,https://cooking.nytimes.com/recipes/1019426-pork-shoulder-steaks-with-hot-pepper-dip?smid=ck-recipe-iOS-share,2025-05-14 12:00:00.000000 +00:00,Pork,1
Pan Seared Rockfish Recipe,https://www.askchefdennis.com/pan-seared-rockfish-with-lemon-caper-sauce/,2025-05-13 12:00:00.000000 +00:00,Seafood,1
Leek Quiche,https://cooking.nytimes.com/recipes/1014567-leek-quiche?smid=ck-recipe-iOS-share,2025-05-11 06:00:00.000000 +00:00,Vegetarian,1
Turmeric Chicken,https://cooking.nytimes.com/recipes/1020970-turmeric-black-pepper-chicken-with-asparagus,2025-05-09 12:00:00.000000 +00:00,Chicken,2
Spaghetti,,2025-04-29 06:00:00.000000 +00:00,Beef,1
Slow-Cooker Butter Chicken,https://cooking.nytimes.com/recipes/1018803-slow-cooker-butter-chicken?smid=ck-recipe-iOS-share,2025-04-15 12:00:00.000000 +00:00,Chicken,2
"Sheet-Pan Chicken and Potatoes With Feta, Lemon and Dill",https://cooking.nytimes.com/recipes/1020726-sheet-pan-chicken-and-potatoes-with-feta-lemon-and-dill?smid=ck-recipe-iOS-share,2025-04-14 12:00:00.000000 +00:00,Chicken,1
Salmon Onigiri,https://cooking.nytimes.com/recipes/1025414-salmon-onigiri?smid=ck-recipe-iOS-share,2025-04-02 12:00:00.000000 +00:00,Seafood,1
Spam Musubi,https://cooking.nytimes.com/recipes/1020160-spam-musubi?smid=ck-recipe-iOS-share,2025-04-02 12:00:00.000000 +00:00,Pork,2
Crispy Gnocchi With Sausage and Broccoli,https://cooking.nytimes.com/recipes/1025733-crispy-gnocchi-with-sausage-and-broccoli?smid=ck-recipe-iOS-share,2025-04-01 12:00:00.000000 +00:00,Pork,2
Soy Sauce Noodles With Cabbage and Fried Eggs,https://cooking.nytimes.com/recipes/1023889-soy-sauce-noodles-with-cabbage-and-fried-eggs?smid=ck-recipe-iOS-share,2025-03-28 12:00:00.000000 +00:00,Tofu,2
On Your Own Recognizance,,2025-03-26 12:00:00.000000 +00:00,unknown,3
Baked Fish and Chips,https://cooking.nytimes.com/recipes/1018023-baked-fish-and-chips?smid=ck-recipe-iOS-share,2025-03-23 12:00:00.000000 +00:00,Seafood,1
Marinated Venison Steaks,https://cooking.nytimes.com/recipes/1016955-marinated-venison-steaks?algo=cooking_search_relevance_metric_ios_and_web&fellback=false&imp_id=8606682635984555&req_id=4326655109669996&surface=cooking-search-web&variant=0_relevance_reranking,2025-03-21 12:00:00.000000 +00:00,Venison,8
Charred Cabbage With Miso Browned Butter,https://cooking.nytimes.com/recipes/1025884-charred-cabbage-with-miso-browned-butter?smid=ck-recipe-iOS-share,2025-03-17 12:00:00.000000 +00:00,Vegetarian,2
"Quick Tomato, White Bean and Kale Soup",https://cooking.nytimes.com/recipes/1014524-quick-tomato-white-bean-and-kale-soup?smid=ck-recipe-iOS-share,2025-03-11 12:00:00.000000 +00:00,Legume,1
Pearl Couscous With Creamy Feta and Chickpeas,https://cooking.nytimes.com/recipes/1019916-pearl-couscous-with-creamy-feta-and-chickpeas?smid=ck-recipe-iOS-share,2025-03-10 12:00:00.000000 +00:00,Legume,1
Easy Country-Style Pork Ribs in the Oven,https://bakingmischief.com/country-style-pork-ribs/,2025-03-08 12:00:00.000000 +00:00,Pork,1
Sausage Tortellini Soup,https://cooking.nytimes.com/recipes/1024144-sausage-tortellini-soup?smid=ck-recipe-iOS-share,2025-03-07 12:00:00.000000 +00:00,Pork,3
Shrimp and Grits,https://cooking.nytimes.com/recipes/10718-shrimp-and-grits?smid=ck-recipe-iOS-share,2025-03-04 12:00:00.000000 +00:00,Seafood,1
Cheesy Chile Crisp White Beans,https://cooking.nytimes.com/recipes/1026136-cheesy-chile-crisp-white-beans?smid=ck-recipe-iOS-share,2025-02-21 12:00:00.000000 +00:00,Legume,1
Mini Meatball Soup With Broccoli and Orecchiette,https://cooking.nytimes.com/recipes/1021568-mini-meatball-soup-with-broccoli-and-orecchiette?smid=ck-recipe-iOS-share,2025-02-18 12:00:00.000000 +00:00,Vegetarian,1
Pollo a la Piña (Pineapple Chicken),https://cooking.nytimes.com/recipes/1026321-pollo-a-la-pina-pineapple-chicken?smid=ck-recipe-iOS-share,2025-02-16 12:00:00.000000 +00:00,Chicken,1
Curry Chili,,2025-02-12 05:00:00.000000 +00:00,Chicken,1
Scallion-Oil Fish,https://cooking.nytimes.com/recipes/1026167-scallion-oil-fish?smid=ck-recipe-iOS-share,2025-02-11 12:00:00.000000 +00:00,Seafood,1
Braised White Beans and Greens With Parmesan,https://cooking.nytimes.com/recipes/1021902-braised-white-beans-and-greens-with-parmesan,2025-02-10 12:00:00.000000 +00:00,Venison,3
Chicken Wings,,2025-02-09 12:00:00.000000 +00:00,Chicken,2
Frank's RedHot® Buffalo Chicken Dip Recipe,https://www.franksredhot.com/en-ca/recipes/franks-redhot-buffalo-chicken-dip,2025-02-09 12:00:00.000000 +00:00,Chicken,1
Potato Skins,https://cooking.nytimes.com/recipes/1012831-serious-potato-skins?algo=identity&fellback=true&imp_id=8444387983659026&req_id=7715684971105310&surface=cooking-search-web&variant=0_relevance_reranking,2025-02-09 12:00:00.000000 +00:00,Vegetarian,1
Bacon Wrapped Pineapple Bites,https://onelittleproject.com/bacon-wrapped-pineapple-bites/,2025-02-09 12:00:00.000000 +00:00,Pork,1
Rockfish,,2025-02-03 12:00:00.000000 +00:00,Seafood,1
Ham and Bean Soup,https://cooking.nytimes.com/recipes/1024508-ham-and-bean-soup?smid=ck-recipe-iOS-share,2025-02-01 12:00:00.000000 +00:00,Pork,1
Manicotti With Cheese Filling and Bolognese Sauce,https://cooking.nytimes.com/recipes/6609-manicotti-with-cheese-filling-and-bolognese-sauce?algo=identity&fellback=true&imp_id=1802893164211240&req_id=3746188973343736&surface=cooking-search-web&variant=0_relevance_reranking,2025-01-27 12:00:00.000000 +00:00,Beef,3
Pot Pie,,2025-01-22 12:00:00.000000 +00:00,Chicken,3
Mayak Eggs (Korean Marinated Eggs),https://www.cookerru.com/mayak-eggs/,2025-01-21 05:00:00.000000 +00:00,Vegetarian,1
Potato Stacks,https://plantyou.com/potato-stacks/?fbclid=IwZXh0bgNhZW0CMTEAAR2ziyVr3gvx5FuLQ9xYsAixwqZk3yHqklzWy0fhPBs2DwkGQHnYsKsKM8A_aem_mWXheG7xk7V5t6wPyUMZJw,2025-01-18 12:00:00.000000 +00:00,Vegetarian,1
Quick Easy Bulgogi (Korean BBQ Beef),https://christieathome.com/blog/bulgogi-korean-bbq-beef/,2025-01-13 12:00:00.000000 +00:00,Beef,2
Pork Chops with Apples and Bacon,https://www.foodandwine.com/pork-chops-with-apples-and-bacon-8695285?link_source=ta_first_comment&taid=6782e3dea5a04e000154c0d6&utm_campaign=foodandwine&utm_content=photo&utm_medium=social&utm_source=facebook.com&utm_term=2025011116&fbclid=IwZXh0bgNhZW0CMTEAAR3aYIe-dhe5dt_hBcA1irqCNIZHKFpWRdknTtJMaXU8OjkO9eyr_VG64iI_aem_SphuysKPyC4VMw5wxMOC1g,2025-01-12 12:00:00.000000 +00:00,Pork,1
Hamburger Soup,https://cooking.nytimes.com/recipes/1025427-hamburger-soup?smid=ck-recipe-iOS-share,2025-01-07 12:00:00.000000 +00:00,Beef,1
Bucatini And Pasta,,2024-12-31 12:00:00.000000 +00:00,Vegetarian,2
Scallion and Celery Quiche,https://cooking.nytimes.com/recipes/1016268-scallion-and-celery-quiche?smid=ck-recipe-iOS-share,2024-12-17 12:00:00.000000 +00:00,Vegetarian,2
Perogies,,2024-12-08 12:00:00.000000 +00:00,Vegetarian,2
Best Chicken and Dumplings Recipe,https://thenovicechefblog.com/homemade-chicken-and-dumplings-recipe/,2024-12-03 12:00:00.000000 +00:00,Chicken,1
Shepherd's Pie,https://cooking.nytimes.com/recipes/1019096-shepherds-pie?smid=ck-recipe-iOS-share,2024-12-01 12:00:00.000000 +00:00,Beef,2
Alfredo Sauce,https://cooking.nytimes.com/recipes/1020965-alfredo-sauce?q=alfred,2024-11-27 12:00:00.000000 +00:00,Vegetarian,4
Post Roast,,2024-11-26 12:00:00.000000 +00:00,Beef,1
Chicken Noodle Soup,,2024-11-24 12:00:00.000000 +00:00,Chicken,3
Simple Dumplings,https://www.allrecipes.com/recipe/210083/moms-simple-dumplings/,2024-11-17 05:00:00.000000 +00:00,Vegetarian,1
Creamy Tortellini Soup,https://cooking.nytimes.com/recipes/1026148-creamy-tortellini-soup?smid=ck-recipe-iOS-share,2024-11-14 12:00:00.000000 +00:00,Vegetarian,1
Baked Orzo,,2024-11-04 12:00:00.000000 +00:00,Vegetarian,1
Creamy Potato-And-Ham Hock Slow-Cooker Soup,https://www.southernliving.com/recipes/creamy-potato-and-ham-hock-slow-cooker-soup-recipe,2024-11-02 12:00:00.000000 +00:00,Pork,1
Mulligatawny Soup,https://cooking.nytimes.com/recipes/1022958-mulligatawny-soup?smid=ck-recipe-iOS-share,2024-10-28 12:00:00.000000 +00:00,Chicken,2
Crisp Gnocchi With Brussels Sprouts and Brown Butter,https://cooking.nytimes.com/recipes/1020453-crisp-gnocchi-with-brussels-sprouts-and-brown-butter,2024-10-23 12:00:00.000000 +00:00,Vegetarian,2
Grilled Oysters With Hot-Sauce Butter,https://cooking.nytimes.com/recipes/1018899-grilled-oysters-with-hot-sauce-butter?smid=ck-recipe-iOS-share,2024-10-23 12:00:00.000000 +00:00,Seafood,1
Minestrone Soup,https://www.loveandlemons.com/minestrone-soup/,2024-10-02 12:00:00.000000 +00:00,Vegetarian,1
Chicken Piccata,https://cooking.nytimes.com/recipes/1019883-chicken-piccata?smid=ck-recipe-iOS-share,2024-09-24 12:00:00.000000 +00:00,Chicken,1
Braised Lamb Shanks With Peppers,https://cooking.nytimes.com/recipes/1023150-braised-lamb-shanks-with-peppers?smid=ck-recipe-iOS-share,2024-08-18 12:00:00.000000 +00:00,Lamb,2
Slow Cooked Shanks With Polenta,,2024-08-08 12:00:00.000000 +00:00,Lamb,4
Mexican Tamales,https://tastesbetterfromscratch.com/mexican-tamales/,2024-07-23 12:00:00.000000 +00:00,Beef,2
Pork Ribs,,2024-07-23 12:00:00.000000 +00:00,Pork,2
Pork Chops,,2024-07-17 12:00:00.000000 +00:00,Pork,1
Turmeric-Black Pepper Chicken With Asparagus,https://cooking.nytimes.com/recipes/1020970-turmeric-black-pepper-chicken-with-asparagus,2024-07-07 12:00:00.000000 +00:00,Chicken,4
Tajín Grilled Chicken,https://cooking.nytimes.com/recipes/1023145-tajin-grilled-chicken?smid=ck-recipe-iOS-share,2024-07-04 12:00:00.000000 +00:00,Chicken,1
Best Marinara Sauce Yet,https://www.allrecipes.com/recipe/11966/best-marinara-sauce-yet/,2024-06-29 12:00:00.000000 +00:00,Beef,1
Rasta Pasta With Jerk Chicken,https://cooking.nytimes.com/recipes/1021897-rasta-pasta-with-jerk-chicken?smid=ck-recipe-iOS-share,2024-06-23 12:00:00.000000 +00:00,Chicken,1
Lemon-Dill Meatballs With Orzo,https://cooking.nytimes.com/recipes/1024124-lemon-dill-meatballs-with-orzo?action=click&module=Collection%20Page%20Recipe%20Card&region=Our%20Best%20Weeknight%20Dinner%20Recipes&pgType=collection&rank=4,2024-06-17 12:00:00.000000 +00:00,Turkey,4
Slow Cooker Chipotle-Honey Chicken Tacos,https://cooking.nytimes.com/recipes/1019693-slow-cooker-chipotle-honey-chicken-tacos?smid=ck-recipe-iOS-share,2024-06-10 12:00:00.000000 +00:00,Chicken,1
Garlic Butter Steak Bites,https://cooking.nytimes.com/recipes/1025322-garlic-butter-steak-bites?smid=ck-recipe-iOS-share,2024-06-09 12:00:00.000000 +00:00,Beef,1
Delicious Caramelised Onion Pasta,https://www.dontgobaconmyheart.co.uk/caramilsed-onion-pasta/,2024-06-06 12:00:00.000000 +00:00,Vegetarian,1
Hot Honey Shrimp,,2024-06-02 12:00:00.000000 +00:00,Seafood,2
Crispy Gnocchi With Burst Tomatoes and Mozzarella,https://cooking.nytimes.com/recipes/1022024-crispy-gnocchi-with-burst-tomatoes-and-mozzarella?smid=ck-recipe-iOS-share,2024-05-25 12:00:00.000000 +00:00,Vegetarian,1
Beef Barley Soup With Lemon,https://cooking.nytimes.com/recipes/1018644-beef-barley-soup-with-lemon?action=click&module=RecipeBox&pgType=recipebox-page&region=recently-viewed&rank=0,2024-05-24 12:00:00.000000 +00:00,Beef,3
Roast Lamb,,2024-05-19 12:00:00.000000 +00:00,Lamb,2
Amer-I-can Tacos,,2024-05-15 12:00:00.000000 +00:00,Beef,2
Chili and Waffles,,2024-05-14 12:00:00.000000 +00:00,Beef,2
Grilled Za'atar Chicken With Garlic Yogurt and Cilantro,https://cooking.nytimes.com/recipes/1022300-grilled-zaatar-chicken-with-garlic-yogurt-and-cilantro?smid=ck-recipe-iOS-share,2024-04-30 12:00:00.000000 +00:00,Chicken,1
Chicken and Rice Soup,https://cooking.nytimes.com/recipes/1020898-chicken-and-rice-soup?smid=ck-recipe-iOS-share,2024-04-25 12:00:00.000000 +00:00,Chicken,2
Youvarlakia Avgolemono (Lemony Greek Meatball Soup),https://cooking.nytimes.com/recipes/1022999-youvarlakia-avgolemono-lemony-greek-meatball-soup?smid=ck-recipe-iOS-share,2024-04-11 12:00:00.000000 +00:00,Turkey,1
Sheet-Pan Miso Chicken With Radishes and Lime,https://cooking.nytimes.com/recipes/1020988-sheet-pan-miso-chicken-with-radishes-and-lime?smid=ck-recipe-iOS-share,2024-04-08 12:00:00.000000 +00:00,Chicken,1
Ham Bone Soup,https://cooking.nytimes.com/recipes/1013444-ham-bone-soup?smid=ck-recipe-iOS-share,2024-04-04 12:00:00.000000 +00:00,Pork,1
Sticky Chicken and Brussels Sprouts Stir-Fry,https://cooking.nytimes.com/recipes/1025143-sticky-chicken-and-brussels-sprouts-stir-fry?q=sticky%20chi,2024-03-22 12:00:00.000000 +00:00,Chicken,1
Easy Kung Pao Chicken,https://cooking.nytimes.com/recipes/1023351-easy-kung-pao-chicken,2024-03-19 12:00:00.000000 +00:00,Chicken,1
Spicy Miso Pasta,https://cravingsbychrissyteigen.com/blogs/recipes/spicy-miso-spaghetti,2024-03-02 12:00:00.000000 +00:00,Vegetarian,1
American Goulash,https://www.spendwithpennies.com/grandmas-goulash/,2024-02-29 12:00:00.000000 +00:00,Beef,1
Sticky Coconut Chicken and Rice,https://cooking.nytimes.com/recipes/1023047-sticky-coconut-chicken-and-rice?smid=ck-recipe-iOS-share,2024-02-28 12:00:00.000000 +00:00,Chicken,1
Chicken Mei Fun,https://cooking.nytimes.com/recipes/1024676-chicken-mei-fun?smid=ck-recipe-iOS-share,2024-02-21 12:00:00.000000 +00:00,Chicken,1
Hamburger Gravy over Mashed Potatoes,https://www.food.com/recipe/hamburger-gravy-over-mashed-potatoes-478207,2024-02-19 12:00:00.000000 +00:00,Beef,1
Coconut Black Bean Soup,https://cooking.nytimes.com/recipes/1025039-coconut-black-bean-soup?smid=ck-recipe-iOS-share,2024-02-10 12:00:00.000000 +00:00,Vegetarian,1
Slow Cooker BBQ Pulled Pork,https://cooking.nytimes.com/recipes/1020497-slow-cooker-bbq-pulled-pork?smid=ck-recipe-iOS-share,2024-02-05 12:00:00.000000 +00:00,Pork,1
Oven Roasted Pork Loin,https://recipeteacher.com/best-damn-oven-roasted-pork-loin/,2024-01-31 12:00:00.000000 +00:00,Pork,2
Kale Soup With Potatoes and Sausage,https://cooking.nytimes.com/recipes/7416-kale-soup-with-potatoes-and-sausage?smid=ck-recipe-iOS-share,2024-01-22 12:00:00.000000 +00:00,Vegetarian,1
Cheesy Breakfast Egg and Polenta Casserole,https://cooking.nytimes.com/recipes/1019766-cheesy-breakfast-egg-and-polenta-casserole?smid=ck-recipe-iOS-share,2024-01-03 12:00:00.000000 +00:00,Vegetarian,2
Steak Fajitas,https://cooking.nytimes.com/recipes/1018078-steak-fajitas?algo=cooking_search_relevance_metric_ios_and_web&fellback=false&imp_id=5712280920025222&req_id=4894176570011409&surface=cooking-search-web&variant=0_relevance_reranking,2023-12-05 12:00:00.000000 +00:00,Beef,1
Rice Noodle Salad With Crispy Tofu and Lime-Peanut Dressing,https://cooking.nytimes.com/recipes/12396-rice-noodle-salad-with-crispy-tofu-and-lime-peanut-dressing?algo=cooking_search_relevance_metric_ios_and_web&fellback=false&imp_id=5230555648377704&req_id=4807849907571936&surface=cooking-search-web&variant=0_relevance_reranking,2023-12-04 12:00:00.000000 +00:00,Vegetarian,1
Chicken Curry,https://cooking.nytimes.com/recipes/6393-easy-chicken-curry,2023-12-03 12:00:00.000000 +00:00,Chicken,1
Chicken Something,,2023-11-30 12:00:00.000000 +00:00,Chicken,1
Stromboli (Yields 2),https://sallysbakingaddiction.com/homemade-stromboli/,2023-11-19 12:00:00.000000 +00:00,Vegetarian,1
Marry Me Chicken,https://cooking.nytimes.com/recipes/1024503-marry-me-chicken?smid=ck-recipe-iOS-share,2023-11-15 12:00:00.000000 +00:00,Chicken,1
Shrimp Scampi,https://cooking.nytimes.com/recipes/9101-classic-shrimp-scampi?algo=identity&fellback=true&imp_id=7711874529286719&req_id=7507156370127412&surface=cooking-search-web&variant=0_relevance_reranking,2023-10-31 18:00:00.000000 +00:00,Seafood,2
Stuffed Shells,,2023-10-30 18:00:00.000000 +00:00,Vegetarian,1
Sheet-Pan Gochujang Chicken and Roasted Vegetables,https://cooking.nytimes.com/recipes/1020829-sheet-pan-gochujang-chicken-and-roasted-vegetables?smid=ck-recipe-iOS-share,2023-10-25 12:00:00.000000 +00:00,Chicken,1
Chili Mac,https://cooking.nytimes.com/recipes/1024668-chili-mac,2023-10-15 12:00:00.000000 +00:00,Beef,1
Black Pepper Beef and Cabbage Stir-Fry,https://cooking.nytimes.com/recipes/1020506-black-pepper-beef-and-cabbage-stir-fry,2023-10-12 12:00:00.000000 +00:00,Beef,1
Tomato-Ginger Chicken and Rice Soup,https://cooking.nytimes.com/recipes/1024076-tomato-ginger-chicken-and-rice-soup?smid=fb-nytimes&smtyp=cur,2023-10-09 12:00:00.000000 +00:00,Chicken,1
Honey Nut Squash and Chickpeas With Hot Honey,https://cooking.nytimes.com/recipes/1023687-roasted-honey-nut-squash-and-chickpeas-with-hot-honey,2023-09-28 12:00:00.000000 +00:00,Chicken,1
Chicken-and-Biscuit Cobble,https://www.southernliving.com/recipes/chicken-and-biscuit-cobbler-recipe,2023-09-22 12:00:00.000000 +00:00,Chicken,1
Fried Chicken,,2023-09-16 18:00:00.000000 +00:00,Chicken,2
Lamb Tacos,,2023-09-15 12:00:00.000000 +00:00,Lamb,1
Halibut,,2023-09-11 12:00:00.000000 +00:00,Seafood,1
Greek Salad Recipe,https://downshiftology.com/recipes/greek-salad/,2023-09-10 12:00:00.000000 +00:00,Vegetarian,1
Braised and Grilled Pork Ribs,https://cooking.nytimes.com/recipes/1017695-braised-and-grilled-or-broiled-pork-ribs,2023-08-22 18:00:00.000000 +00:00,Pork,2
Chicken-Zucchini Meatballs With Feta,https://cooking.nytimes.com/recipes/1021328-chicken-zucchini-meatballs-with-feta?action=click&module=RecipeBox&pgType=recipebox-page&region=all&rank=0,2023-08-21 18:00:00.000000 +00:00,Chicken,1
Helena,,2023-07-29 18:00:00.000000 +00:00,Vegetarian,1
Pork Collar Steak,,2023-07-24 18:00:00.000000 +00:00,Pork,1
"Sheet-Pan Baked Feta With Broccolini, Tomatoes and Lemon",,2023-07-19 18:00:00.000000 +00:00,Vegetarian,2
Chicken Shells ricotta,https://easychickenrecipes.com/chicken-stuffed-shells/,2023-07-18 18:00:00.000000 +00:00,Chicken,3
Fish Tacos,,2023-07-10 18:00:00.000000 +00:00,Seafood,1
Taco Salad,https://cooking.nytimes.com/recipes/1024304-taco-salad,2023-07-07 18:00:00.000000 +00:00,Beef,1
Chicago Dogs,,2023-07-04 18:00:00.000000 +00:00,Pork,1
Pork Steak,,2023-06-08 18:00:00.000000 +00:00,Pork,1
Shrimp Bisque,,2023-05-07 18:00:00.000000 +00:00,Seafood,2
James Beard's Farmer's Chicken,https://cooking.nytimes.com/recipes/1021550-james-beards-farmers-chicken,2023-05-03 18:00:00.000000 +00:00,Chicken,1
Spicy Beef Stir-Fry With Basil,https://cooking.nytimes.com/recipes/1019160-spicy-beef-stir-fry-with-basil,2023-05-02 18:00:00.000000 +00:00,Beef,1
Osso Bucco,,2023-04-29 18:00:00.000000 +00:00,Beef,1
French Onion Soup,,2023-04-27 18:00:00.000000 +00:00,Vegetarian,1
Risotto,,2023-04-11 18:00:00.000000 +00:00,Vegetarian,1
